USE blis_153;

INSERT INTO lab_config_specimen_type(lab_config_id, specimen_type_id) VALUES (153, 18);
INSERT INTO lab_config_specimen_type(lab_config_id, specimen_type_id) VALUES (153, 7);
INSERT INTO lab_config_specimen_type(lab_config_id, specimen_type_id) VALUES (153, 24);
INSERT INTO lab_config_specimen_type(lab_config_id, specimen_type_id) VALUES (153, 12);
INSERT INTO lab_config_specimen_type(lab_config_id, specimen_type_id) VALUES (153, 11);
INSERT INTO lab_config_specimen_type(lab_config_id, specimen_type_id) VALUES (153, 6);
INSERT INTO lab_config_test_type(lab_config_id, test_type_id) VALUES (153, 51);
INSERT INTO lab_config_test_type(lab_config_id, test_type_id) VALUES (153, 9);
INSERT INTO lab_config_test_type(lab_config_id, test_type_id) VALUES (153, 29);
INSERT INTO lab_config_test_type(lab_config_id, test_type_id) VALUES (153, 48);
INSERT INTO lab_config_test_type(lab_config_id, test_type_id) VALUES (153, 37);
INSERT INTO lab_config_test_type(lab_config_id, test_type_id) VALUES (153, 30);
INSERT INTO lab_config_test_type(lab_config_id, test_type_id) VALUES (153, 35);
INSERT INTO lab_config_test_type(lab_config_id, test_type_id) VALUES (153, 36);
INSERT INTO lab_config_test_type(lab_config_id, test_type_id) VALUES (153, 31);
INSERT INTO lab_config_test_type(lab_config_id, test_type_id) VALUES (153, 59);
INSERT INTO lab_config_test_type(lab_config_id, test_type_id) VALUES (153, 53);
INSERT INTO lab_config_test_type(lab_config_id, test_type_id) VALUES (153, 28);
INSERT INTO lab_config_test_type(lab_config_id, test_type_id) VALUES (153, 105);
INSERT INTO lab_config_test_type(lab_config_id, test_type_id) VALUES (153, 56);
INSERT INTO lab_config_test_type(lab_config_id, test_type_id) VALUES (153, 58);
INSERT INTO lab_config_test_type(lab_config_id, test_type_id) VALUES (153, 96);
INSERT INTO report_config (test_type_id, header, footer, margins, p_fields, s_fields, t_fields, p_custom_fields, s_custom_fields ) VALUES ('51', 'Worksheet - ESR ', '', '5,0,5,0', '0,1,0,1,1,0,0', '0,0,1,1,0,0', '1,0,1,0,0,0,0,1', '', '' );
INSERT INTO report_config (test_type_id, header, footer, margins, p_fields, s_fields, t_fields, p_custom_fields, s_custom_fields ) VALUES ('9', 'Worksheet - FBS', '', '5,0,5,0', '0,1,0,1,1,0,0', '0,0,1,1,0,0', '1,0,1,0,0,0,0,1', '', '' );
INSERT INTO report_config (test_type_id, header, footer, margins, p_fields, s_fields, t_fields, p_custom_fields, s_custom_fields ) VALUES ('29', 'Worksheet - HDL Cholesterol', '', '5,0,5,0', '0,1,0,1,1,0,0', '0,0,1,1,0,0', '1,0,1,0,0,0,0,1', '', '' );
INSERT INTO report_config (test_type_id, header, footer, margins, p_fields, s_fields, t_fields, p_custom_fields, s_custom_fields ) VALUES ('48', 'Worksheet - Hepatitis B', '', '5,0,5,0', '0,1,0,1,1,0,0', '0,0,1,1,0,0', '1,0,1,0,0,0,0,1', '', '' );
INSERT INTO report_config (test_type_id, header, footer, margins, p_fields, s_fields, t_fields, p_custom_fields, s_custom_fields ) VALUES ('37', 'Worksheet - HIV Monitoring Panel', '', '5,0,5,0', '0,1,0,1,1,0,0', '0,0,1,1,0,0', '1,0,1,0,0,0,0,1', '', '' );
INSERT INTO report_config (test_type_id, header, footer, margins, p_fields, s_fields, t_fields, p_custom_fields, s_custom_fields ) VALUES ('30', 'Worksheet - LDL Cholesterol', '', '5,0,5,0', '0,1,0,1,1,0,0', '0,0,1,1,0,0', '1,0,1,0,0,0,0,1', '', '' );
INSERT INTO report_config (test_type_id, header, footer, margins, p_fields, s_fields, t_fields, p_custom_fields, s_custom_fields ) VALUES ('35', 'Worksheet - Lipid Panel', '', '5,0,5,0', '0,1,0,1,1,0,0', '0,0,1,1,0,0', '1,0,1,0,0,0,0,1', '', '' );
INSERT INTO report_config (test_type_id, header, footer, margins, p_fields, s_fields, t_fields, p_custom_fields, s_custom_fields ) VALUES ('36', 'Worksheet - Liver Function Panel', '', '5,0,5,0', '0,1,0,1,1,0,0', '0,0,1,1,0,0', '1,0,1,0,0,0,0,1', '', '' );
INSERT INTO report_config (test_type_id, header, footer, margins, p_fields, s_fields, t_fields, p_custom_fields, s_custom_fields ) VALUES ('31', 'Worksheet - RBS', '', '5,0,5,0', '0,1,0,1,1,0,0', '0,0,1,1,0,0', '1,0,1,0,0,0,0,1', '', '' );
INSERT INTO report_config (test_type_id, header, footer, margins, p_fields, s_fields, t_fields, p_custom_fields, s_custom_fields ) VALUES ('59', 'Worksheet - Rheumatoid Factor', '', '5,0,5,0', '0,1,0,1,1,0,0', '0,0,1,1,0,0', '1,0,1,0,0,0,0,1', '', '' );
INSERT INTO report_config (test_type_id, header, footer, margins, p_fields, s_fields, t_fields, p_custom_fields, s_custom_fields ) VALUES ('53', 'Worksheet - Sickling RBC', '', '5,0,5,0', '0,1,0,1,1,0,0', '0,0,1,1,0,0', '1,0,1,0,0,0,0,1', '', '' );
INSERT INTO report_config (test_type_id, header, footer, margins, p_fields, s_fields, t_fields, p_custom_fields, s_custom_fields ) VALUES ('28', 'Worksheet - Triglycerides', '', '5,0,5,0', '0,1,0,1,1,0,0', '0,0,1,1,0,0', '1,0,1,0,0,0,0,1', '', '' );
INSERT INTO report_config (test_type_id, header, footer, margins, p_fields, s_fields, t_fields, p_custom_fields, s_custom_fields ) VALUES ('105', 'Worksheet - Uric Acid', '', '5,0,5,0', '0,1,0,1,1,0,0', '0,0,1,1,0,0', '1,0,1,0,0,0,0,1', '', '' );
INSERT INTO report_config (test_type_id, header, footer, margins, p_fields, s_fields, t_fields, p_custom_fields, s_custom_fields ) VALUES ('56', 'Worksheet - Urine Analysis', '', '5,0,5,0', '0,1,0,1,1,0,0', '0,0,1,1,0,0', '1,0,1,0,0,0,0,1', '', '' );
INSERT INTO report_config (test_type_id, header, footer, margins, p_fields, s_fields, t_fields, p_custom_fields, s_custom_fields ) VALUES ('58', 'Worksheet - VDRL', '', '5,0,5,0', '0,1,0,1,1,0,0', '0,0,1,1,0,0', '1,0,1,0,0,0,0,1', '', '' );
INSERT INTO report_config (test_type_id, header, footer, margins, p_fields, s_fields, t_fields, p_custom_fields, s_custom_fields ) VALUES ('96', 'Worksheet - WIDAL', '', '5,0,5,0', '0,1,0,1,1,0,0', '0,0,1,1,0,0', '1,0,1,0,0,0,0,1', '', '' );
DELETE FROM report_disease WHERE lab_config_id=153 AND test_type_id=0 AND measure_id=0;
INSERT INTO lab_config_specimen_type(lab_config_id, specimen_type_id) VALUES (153, 18);
INSERT INTO lab_config_specimen_type(lab_config_id, specimen_type_id) VALUES (153, 7);
INSERT INTO lab_config_specimen_type(lab_config_id, specimen_type_id) VALUES (153, 24);
INSERT INTO lab_config_specimen_type(lab_config_id, specimen_type_id) VALUES (153, 12);
INSERT INTO lab_config_specimen_type(lab_config_id, specimen_type_id) VALUES (153, 11);
INSERT INTO lab_config_specimen_type(lab_config_id, specimen_type_id) VALUES (153, 6);
DELETE FROM report_disease WHERE lab_config_id=153 AND test_type_id=0 AND measure_id=0;
INSERT INTO patient_daily (datestring, count) VALUES ('20111001', 1);
INSERT INTO specimen_session(session_num, count) VALUES ('20111001', 1);
INSERT INTO `patient`(`patient_id`, `addl_id`, `name`, `age`, `sex`, `partial_dob`, `surr_id`, `created_by`, `hash_value`,`ts`) VALUES (1, '', 'Test', 0, 'M', '2010-10', '', 338, 'ce4760efaeeea7de4281b755e4e95ed849c402d1', '2011-10-01 00:00:00');
UPDATE specimen_type SET name='Serum', description='' WHERE specimen_type_id=7;
INSERT INTO specimen_test (specimen_type_id, test_type_id) VALUES (7, 8);
INSERT INTO specimen_test (specimen_type_id, test_type_id) VALUES (7, 18);
INSERT INTO lab_config_specimen_type(lab_config_id, specimen_type_id) VALUES (153, 7);
DELETE FROM report_disease WHERE lab_config_id=153 AND test_type_id=0 AND measure_id=0;
update patient_daily set count=2 where datestring='20111001' ;
UPDATE specimen_session SET count=2 WHERE session_num='20111001';
INSERT INTO `patient`(`patient_id`, `addl_id`, `name`, `age`, `sex`, `partial_dob`, `surr_id`, `created_by`, `hash_value`,`ts`) VALUES (1, '', 'Testing', 0, 'M', '2010-10', '', 338, 'f6c18cf6a6651d1c1a257b6b4f1d5c7c68ebf8d4', '2011-10-01 00:00:00');
INSERT INTO lab_config_specimen_type(lab_config_id, specimen_type_id) VALUES (153, 12);
DELETE FROM report_disease WHERE lab_config_id=153 AND test_type_id=0 AND measure_id=0;
INSERT INTO lab_config_specimen_type(lab_config_id, specimen_type_id) VALUES (153, 7);
DELETE FROM report_disease WHERE lab_config_id=153 AND test_type_id=0 AND measure_id=0;
INSERT INTO lab_config_specimen_type(lab_config_id, specimen_type_id) VALUES (153, 7);
DELETE FROM report_disease WHERE lab_config_id=153 AND test_type_id=0 AND measure_id=0;
INSERT INTO lab_config_specimen_type(lab_config_id, specimen_type_id) VALUES (153, 7);
DELETE FROM report_disease WHERE lab_config_id=153 AND test_type_id=0 AND measure_id=0;
INSERT INTO lab_config_specimen_type(lab_config_id, specimen_type_id) VALUES (153, 7);
DELETE FROM report_disease WHERE lab_config_id=153 AND test_type_id=0 AND measure_id=0;
INSERT INTO user_rating (user_id, rating) VALUES (338, 6);
INSERT INTO user_rating (user_id, rating) VALUES (338, 6);
INSERT INTO user_rating (user_id, rating) VALUES (338, 6);
INSERT INTO lab_config_specimen_type(lab_config_id, specimen_type_id) VALUES (153, 10);
DELETE FROM report_disease WHERE lab_config_id=153 AND test_type_id=0 AND measure_id=0;
INSERT INTO lab_config_specimen_type(lab_config_id, specimen_type_id) VALUES (153, 10);
DELETE FROM report_disease WHERE lab_config_id=153 AND test_type_id=0 AND measure_id=0;
INSERT INTO lab_config_specimen_type(lab_config_id, specimen_type_id) VALUES (153, 10);
DELETE FROM report_disease WHERE lab_config_id=153 AND test_type_id=0 AND measure_id=0;
INSERT INTO lab_config_specimen_type(lab_config_id, specimen_type_id) VALUES (153, 10);
DELETE FROM report_disease WHERE lab_config_id=153 AND test_type_id=0 AND measure_id=0;
INSERT INTO lab_config_specimen_type(lab_config_id, specimen_type_id) VALUES (153, 10);
DELETE FROM report_disease WHERE lab_config_id=153 AND test_type_id=0 AND measure_id=0;
INSERT INTO lab_config_specimen_type(lab_config_id, specimen_type_id) VALUES (153, 10);
DELETE FROM report_disease WHERE lab_config_id=153 AND test_type_id=0 AND measure_id=0;
INSERT INTO lab_config_specimen_type(lab_config_id, specimen_type_id) VALUES (153, 10);
DELETE FROM report_disease WHERE lab_config_id=153 AND test_type_id=0 AND measure_id=0;
INSERT INTO lab_config_specimen_type(lab_config_id, specimen_type_id) VALUES (153, 10);
DELETE FROM report_disease WHERE lab_config_id=153 AND test_type_id=0 AND measure_id=0;
INSERT INTO lab_config_specimen_type(lab_config_id, specimen_type_id) VALUES (153, 10);
DELETE FROM report_disease WHERE lab_config_id=153 AND test_type_id=0 AND measure_id=0;
INSERT INTO lab_config_specimen_type(lab_config_id, specimen_type_id) VALUES (153, 16);
DELETE FROM report_disease WHERE lab_config_id=153 AND test_type_id=0 AND measure_id=0;
INSERT INTO lab_config_specimen_type(lab_config_id, specimen_type_id) VALUES (153, 17);
DELETE FROM report_disease WHERE lab_config_id=153 AND test_type_id=0 AND measure_id=0;
DELETE FROM lab_config_specimen_type WHERE lab_config_id=153 AND specimen_type_id=16;
DELETE FROM report_disease WHERE lab_config_id=153 AND test_type_id=0 AND measure_id=0;
DELETE FROM lab_config_specimen_type WHERE lab_config_id=153 AND specimen_type_id=17;
DELETE FROM report_disease WHERE lab_config_id=153 AND test_type_id=0 AND measure_id=0;
INSERT INTO measure(name, range, unit) VALUES ('Testing', ':', '');
INSERT INTO test_type_measure(test_type_id, measure_id) VALUES (96, 1);
UPDATE test_type SET name='WIDAL', description='', clinical_data='', test_category_id='1', hide_patient_name='0' WHERE test_type_id=96;
INSERT INTO specimen_test (specimen_type_id, test_type_id) VALUES (11, 96);
INSERT INTO reference_range (measure_id, age_min, age_max, sex, range_lower, range_upper) VALUES (1, '0', '100', 'B', '0', '50');
INSERT INTO lab_config_specimen_type(lab_config_id, specimen_type_id) VALUES (153, 17);
DELETE FROM report_disease WHERE lab_config_id=153 AND test_type_id=0 AND measure_id=0;
INSERT INTO user_rating (user_id, rating) VALUES (338, 6);
UPDATE report_config SET header='Kaneshie Polytechnic??left', footer='Biomedical Laboratory Scientist In-Charge                               Signature                 #                                                         ', title='Kaneshie Polytechnic<br><br>', margins='2,0,0,0', landscape=0, p_fields='1,0,0,1,1,0,1', s_fields='1,0,1,0,0,1,0', t_fields='1,1,0,1,0,0,1,1,0', p_custom_fields='2', s_custom_fields='' WHERE report_id=1;
UPDATE report_config SET header='Kaneshie Polytechnic??center', footer='Biomedical Laboratory Scientist In-Charge                               Signature                 #                                                         ', title='Kaneshie Polytechnic Test<br><br>', margins='2,0,0,0', landscape=0, p_fields='1,0,0,1,1,1,1', s_fields='1,0,1,0,0,1,0', t_fields='1,1,0,1,0,0,1,1,0', p_custom_fields='2', s_custom_fields='' WHERE report_id=1;
INSERT INTO user_rating (user_id, rating) VALUES (338, 6);
UPDATE report_config SET header='Worksheet - ', footer='Biomedical Laboratory Scientist In-Charge                               Signature                 #                                                         ', title='Kaneshie Polytechnic Testing<br><br>', margins='2,0,0,0', landscape=0, p_fields='1,0,0,1,1,0,1,0', s_fields='1,0,1,0,0,1,0', t_fields='1,1,0,1,0,0,1,1,0', p_custom_fields='2', s_custom_fields='' WHERE report_id=1;
UPDATE report_config SET header='Worksheet - ', footer='Biomedical Laboratory Scientist In-Charge                               Signature                 #                                                         ', title='Kaneshie Polytechnic Testings<br><br>', margins='2,0,0,0', landscape=0, p_fields='1,0,0,1,1,0,1,0', s_fields='1,0,1,0,0,1,0', t_fields='1,1,0,1,0,0,1,1,0', p_custom_fields='2', s_custom_fields='' WHERE report_id=1;
UPDATE report_config SET header='Worksheet - ', footer='Biomedical Laboratory Scientist In-Charge                               Signature                 #                                                         ', title='Kaneshie Polytechnic Testings<br><br>', margins='2,0,0,0', landscape=0, p_fields='1,0,0,1,1,0,1,0', s_fields='1,0,1,0,0,1,0', t_fields='1,1,0,1,0,0,1,1,0', p_custom_fields='2', s_custom_fields='' WHERE report_id=1;
UPDATE report_config SET header='Worksheet - ', footer='Biomedical Laboratory Scientist In-Charge                               Signature                 #                                                         ', title='Kaneshie Polytechnic Testings<br><br>', margins='2,0,0,0', landscape=0, p_fields='1,0,0,1,1,0,1,0', s_fields='1,0,1,0,0,1,0', t_fields='1,1,0,1,0,0,1,1,0', p_custom_fields='2', s_custom_fields='' WHERE report_id=1;
UPDATE report_config SET header='Worksheet - ', footer='Biomedical Laboratory Scientist In-Charge                               Signature                 #                                                         ', title='Kaneshie Polytechnic Testings<br><br>', margins='2,0,0,0', landscape=0, p_fields='1,0,0,1,1,0,1,0', s_fields='1,0,1,0,0,1,0', t_fields='1,1,0,1,0,0,1,1,0', p_custom_fields='2', s_custom_fields='' WHERE report_id=1;
UPDATE report_config SET header='Worksheet - ', footer='Biomedical Laboratory Scientist In-Charge                               Signature                 #                                                         ', title='Kaneshie Polytechnic Testings<br><br>', margins='2,0,0,0', landscape=0, p_fields='1,0,0,1,1,0,1,0', s_fields='1,0,1,0,0,1,0', t_fields='1,1,0,1,0,0,1,1,0', p_custom_fields='2', s_custom_fields='' WHERE report_id=1;
UPDATE report_config SET header='Worksheet - ', footer='Biomedical Laboratory Scientist In-Charge                               Signature                 #                                                         ', title='Kaneshie Polytechnic Testings<br><br>', margins='2,0,0,0', landscape=0, p_fields='1,0,0,1,1,0,1,0', s_fields='1,0,1,0,0,1,0', t_fields='1,1,0,1,0,0,1,1,0', p_custom_fields='2', s_custom_fields='' WHERE report_id=1;
UPDATE report_config SET header='Worksheet - ', footer='Biomedical Laboratory Scientist In-Charge                               Signature                 #                                                         ', title='Kaneshie Polytechnic Testings<br><br>', margins='2,0,0,0', landscape=0, p_fields='1,0,0,1,1,0,1,0', s_fields='1,0,1,0,0,1,0', t_fields='1,1,0,1,0,0,1,1,0', p_custom_fields='2', s_custom_fields='' WHERE report_id=1;
UPDATE report_config SET header='Worksheet - ', footer='Biomedical Laboratory Scientist In-Charge                               Signature                 #                                                         ', title='Kaneshie Polytechnic Testings<br><br>', margins='2,0,0,0', landscape=0, p_fields='1,0,0,1,1,0,1,0', s_fields='1,0,1,0,0,1,0', t_fields='1,1,0,1,0,0,1,1,0', p_custom_fields='2', s_custom_fields='' WHERE report_id=1;
UPDATE report_config SET header='Worksheet - ', footer='Biomedical Laboratory Scientist In-Charge                               Signature                 #                                                         ', title='Kaneshie Polytechnic Testings<br><br>', margins='2,0,0,0', landscape=0, p_fields='1,0,0,1,1,0,1,0', s_fields='1,0,1,0,0,1,0', t_fields='1,1,0,1,0,0,1,1,0', p_custom_fields='2', s_custom_fields='' WHERE report_id=1;
UPDATE report_config SET header='Worksheet - ', footer='Biomedical Laboratory Scientist In-Charge                               Signature                 #                                                         ', title='Kaneshie Polytechnic Testings<br><br>', margins='2,0,0,0', landscape=0, p_fields='1,0,0,1,1,0,1,0', s_fields='1,0,1,0,0,1,0', t_fields='1,1,0,1,0,0,1,1,0', p_custom_fields='2', s_custom_fields='' WHERE report_id=1;
UPDATE report_config SET header='Worksheet - ', footer='Biomedical Laboratory Scientist In-Charge                               Signature                 #                                                         ', title='Kaneshie Polytechnic Testings<br><br>', margins='2,0,0,0', landscape=0, p_fields='1,0,0,1,1,0,1,0', s_fields='1,0,1,0,0,1,0', t_fields='1,1,0,1,0,0,1,1,0', p_custom_fields='2', s_custom_fields='' WHERE report_id=1;
UPDATE report_config SET header='Worksheet - ', footer='Biomedical Laboratory Scientist In-Charge s                           Signature                 #                                                         ', title='Kaneshie Polytechnic Testing<br><br>', margins='2,0,0,0', landscape=0, p_fields='1,0,0,1,1,0,1,0', s_fields='1,0,1,0,0,1,0', t_fields='1,1,0,1,0,0,1,1,0', p_custom_fields='2', s_custom_fields='' WHERE report_id=1;
UPDATE report_config SET header='Worksheet - ', footer='Biomedical Laboratory Scientist In-Charge s                           Signature                 #                                                         ', title='Kaneshie Polytechnic Testing<br><br>', margins='2,0,0,0', landscape=0, p_fields='1,0,0,1,1,0,1,0', s_fields='1,0,1,0,0,1,0', t_fields='1,1,0,1,0,0,1,1,0', p_custom_fields='2', s_custom_fields='' WHERE report_id=1;
UPDATE report_config SET header='Worksheet - ', footer='Biomedical Laboratory Scientist In-Charge s                           Signature                 #                                                         ', title='Kaneshie Polytechnic Testing<br><br>', margins='2,0,0,0', landscape=0, p_fields='1,0,0,1,1,0,1,0', s_fields='1,0,1,0,0,1,0', t_fields='1,1,0,1,0,0,1,1,0', p_custom_fields='2', s_custom_fields='' WHERE report_id=1;
UPDATE report_config SET header='Worksheet - ', footer='Biomedical Laboratory Scientist In-Charge s                           Signature                 #                                                         ', title='Kaneshie Polytechnic Testing<br><br>', margins='2,0,0,0', landscape=0, p_fields='1,0,0,1,1,0,1,0', s_fields='1,0,1,0,0,1,0', t_fields='1,1,0,1,0,0,1,1,0', p_custom_fields='2', s_custom_fields='' WHERE report_id=1;
UPDATE report_config SET header='Worksheet - ', footer='Biomedical Laboratory Scientist In-Charge s                           Signature                 #                                                         ', title='Kaneshie Polytechnic Testing<br><br>', margins='2,0,0,0', landscape=0, p_fields='1,0,0,1,1,0,1,0', s_fields='1,0,1,0,0,1,0', t_fields='1,1,0,1,0,0,1,1,0', p_custom_fields='2', s_custom_fields='' WHERE report_id=1;
UPDATE report_config SET header='Worksheet - ', footer='Biomedical Laboratory Scientist In-Charge s                           Signature                 #                                                         ', title='Kaneshie Polytechnic Testing<br><br>', margins='2,0,0,0', landscape=0, p_fields='1,0,0,1,1,0,1,0', s_fields='1,0,1,0,0,1,0', t_fields='1,1,0,1,0,0,1,1,0', p_custom_fields='2', s_custom_fields='' WHERE report_id=1;
UPDATE report_config SET header='Worksheet - ', footer='Biomedical Laboratory Scientist In-Charge s                           Signature                 #                                                         ', title='Kaneshie Polytechnic Testing<br><br>', margins='2,0,0,0', landscape=0, p_fields='1,0,0,1,1,0,1,0', s_fields='1,0,1,0,0,1,0', t_fields='1,1,0,1,0,0,1,1,0', p_custom_fields='2', s_custom_fields='' WHERE report_id=1;
UPDATE report_config SET header='Worksheet - ', footer='Biomedical Laboratory Scientist In-Charge s                           Signature                 #                                                         ', title='Kaneshie Polytechnic Testing<br><br>', margins='2,0,0,0', landscape=0, p_fields='1,0,0,1,1,0,1,0', s_fields='1,0,1,0,0,1,0', t_fields='1,1,0,1,0,0,1,1,0', p_custom_fields='2', s_custom_fields='' WHERE report_id=1;
UPDATE report_config SET header='Worksheet - ', footer='Biomedical Laboratory Scientist In-Charge s                           Signature                 #                                                         ', title='Kaneshie Polytechnic Testing<br><br>', margins='2,0,0,0', landscape=0, p_fields='1,0,0,1,1,0,1,0', s_fields='1,0,1,0,0,1,0', t_fields='1,1,0,1,0,0,1,1,0', p_custom_fields='2', s_custom_fields='' WHERE report_id=1;
UPDATE report_config SET header='Worksheet - ', footer='Biomedical Laboratory Scientist In-Charge s                           Signature                 #                                                         ', title='Kaneshie Polytechnic Testing<br><br>', margins='2,0,0,0', landscape=0, p_fields='1,0,0,1,1,0,1,0', s_fields='1,0,1,0,0,1,0', t_fields='1,1,0,1,0,0,1,1,0', p_custom_fields='2', s_custom_fields='' WHERE report_id=1;
UPDATE report_config SET header='Worksheet - ', footer='Biomedical Laboratory Scientist In-Charge s                           Signature                 #                                                         ', title='Kaneshie Polytechnic Testing<br><br>', margins='2,0,0,0', landscape=0, p_fields='1,0,0,1,1,0,1,0', s_fields='1,0,1,0,0,1,0', t_fields='1,1,0,1,0,0,1,1,0', p_custom_fields='2', s_custom_fields='' WHERE report_id=1;
UPDATE report_config SET header='Worksheet - ', footer='Biomedical Laboratory Scientist In-Charge s                           Signature                 #                                                         ', title='Kaneshie Polytechnic Testing<br><br>', margins='2,0,0,0', landscape=0, p_fields='1,0,0,1,1,0,1,0', s_fields='1,0,1,0,0,1,0', t_fields='1,1,0,1,0,0,1,1,0', p_custom_fields='2', s_custom_fields='' WHERE report_id=1;
UPDATE report_config SET header='Worksheet - ', footer='Biomedical Laboratory Scientist In-Charge s                           Signature                 #                                                         ', title='Kaneshie Polytechnic Testing<br><br>', margins='2,0,0,0', landscape=0, p_fields='1,0,0,1,1,0,1,0', s_fields='1,0,1,0,0,1,0', t_fields='1,1,0,1,0,0,1,1,0', p_custom_fields='2', s_custom_fields='' WHERE report_id=1;
UPDATE report_config SET header='Worksheet - ', footer='Biomedical Laboratory Scientist In-Charge s                           Signature                 #                                                         ', title='Kaneshie Polytechnic Testing<br><br>', margins='2,0,0,0', landscape=0, p_fields='1,0,0,1,1,0,1,0', s_fields='1,0,1,0,0,1,0', t_fields='1,1,0,1,0,0,1,1,0', p_custom_fields='2', s_custom_fields='' WHERE report_id=1;
UPDATE report_config SET header='Worksheet - ', footer='Biomedical Laboratory Scientist In-Charge s                           Signature                 #                                                         ', title='Kaneshie Polytechnic Testing<br><br>', margins='2,0,0,0', landscape=0, p_fields='1,0,0,1,1,0,1,0', s_fields='1,0,1,0,0,1,0', t_fields='1,1,0,1,0,0,1,1,0', p_custom_fields='2', s_custom_fields='' WHERE report_id=1;
UPDATE report_config SET header='Lol??center', footer='Biomedical Laboratory Scientist In-Charge s                           Signature                 #                                                         ', title='Kaneshie Polytechnic Testing<br><br>', margins='2,0,0,0', landscape=0, p_fields='1,0,0,1,1,0,1,0', s_fields='1,0,1,0,0,1,0', t_fields='1,1,0,1,0,0,1,1,0', p_custom_fields='2', s_custom_fields='' WHERE report_id=1;
UPDATE report_config SET header='Kaneshie Polytechnic??right', footer='Biomedical Laboratory Scientist In-Charge s                           Signature                 #                                                         ', title='Kaneshie Polytechnic Testing<br><br>', margins='2,0,0,0', landscape=0, p_fields='1,0,0,1,1,0,1,0', s_fields='1,0,1,0,0,1,0', t_fields='1,1,0,1,0,0,1,1,0', p_custom_fields='2', s_custom_fields='' WHERE report_id=1;
UPDATE report_config SET header='Kaneshie Polytechnics??center', footer='Biomedical Laboratory Scientist In-Charge s                           Signature                 #                                                         ', title='Kaneshie Polytechnic Testing<br><br>', margins='2,0,0,0', landscape=0, p_fields='1,0,0,1,1,0,1,0', s_fields='1,0,1,0,0,1,0', t_fields='1,1,0,1,0,1,1,1,0', p_custom_fields='2', s_custom_fields='' WHERE report_id=1;
UPDATE report_config SET header='Kaneshie Polytechnics??left', footer='Biomedical Laboratory Scientist In-Charge s                           Signature                 #                                                         ', title='Kaneshie Polytechnic Testing<br><br>', margins='2,0,0,0', landscape=0, p_fields='1,0,0,1,1,0,1,0', s_fields='1,0,1,0,0,1,0', t_fields='1,1,0,1,0,1,1,1,0', p_custom_fields='2', s_custom_fields='' WHERE report_id=1;
UPDATE report_config SET header='Kaneshie Polytechnics??left', footer='Biomedical Laboratory Scientist In-Charge s                           Signature                 #                                                         ', title='Kaneshie<br><br>', margins='2,0,0,0', landscape=0, p_fields='1,0,0,1,1,0,1,0', s_fields='1,0,1,0,0,1,0', t_fields='1,1,0,1,0,1,1,1,0', p_custom_fields='2', s_custom_fields='' WHERE report_id=1;
UPDATE report_config SET header='Kaneshie Polytechnics??left', footer='Biomedical Laboratory Scientist In-Charge s                           Signature                 #                                                         ', title='Kaneshie<br><br>', margins='2,0,0,0', landscape=0, p_fields='1,0,0,1,1,0,1,0', s_fields='1,0,1,0,0,1,0', t_fields='1,1,0,1,0,1,1,1,0', p_custom_fields='2', s_custom_fields='' WHERE report_id=1;
UPDATE report_config SET header='Kaneshie Polytechnics??left', footer='Biomedical Laboratory Scientist In-Charge s                           Signature                 #                                                         ', title='Kaneshie<br><br>', margins='2,0,0,0', landscape=0, p_fields='1,0,0,1,1,0,1,0', s_fields='1,0,1,0,0,1,0', t_fields='1,1,0,1,0,1,1,1,0', p_custom_fields='2', s_custom_fields='' WHERE report_id=1;
UPDATE report_config SET header='Kaneshie Polytechnics??left', footer='Biomedical Laboratory Scientist In-Charge s                           Signature                 #                                                         ', title='Kaneshie<br><br>', margins='2,0,0,0', landscape=0, p_fields='1,0,0,1,1,0,1,0', s_fields='1,0,1,0,0,1,0', t_fields='1,1,0,1,0,1,1,1,0', p_custom_fields='2', s_custom_fields='' WHERE report_id=1;
UPDATE report_config SET header='Kaneshie Polytechnics??left', footer='Biomedical Laboratory Scientist In-Charge s                           Signature                 #                                                         ', title='Kaneshie<br><br>', margins='2,0,0,0', landscape=0, p_fields='1,0,0,1,1,0,1,0', s_fields='1,0,1,0,0,1,0', t_fields='1,1,0,1,0,1,1,1,0', p_custom_fields='2', s_custom_fields='' WHERE report_id=1;
UPDATE report_config SET header='Kaneshie Polytechnics??left', footer='Biomedical Laboratory Scientist In-Charge s                           Signature                 #                                                         ', title='Kaneshie<br><br>', margins='2,0,0,0', landscape=0, p_fields='1,0,0,1,1,0,1,0', s_fields='1,0,1,0,0,1,0', t_fields='1,1,0,1,0,1,1,1,0', p_custom_fields='2', s_custom_fields='' WHERE report_id=1;
UPDATE report_config SET header='Kaneshie Polytechnics??left', footer='Biomedical Laboratory Scientist In-Charge s                           Signature                 #                                                         ', title='Kaneshie<br><br>', margins='2,0,0,0', landscape=0, p_fields='1,0,0,1,1,0,1,0', s_fields='1,0,1,0,0,1,0', t_fields='1,1,0,1,0,1,1,1,0', p_custom_fields='2', s_custom_fields='' WHERE report_id=1;
UPDATE report_config SET header='Kaneshie Polytechnics??center', footer='Biomedical Laboratory Scientist In-Charge s                           Signature                 #                                                         ', title='Kaneshies<br><br>', margins='2,0,0,0', landscape=0, p_fields='1,0,0,1,1,0,1,0', s_fields='1,0,1,0,0,1,0', t_fields='1,1,0,1,0,1,1,1,0', p_custom_fields='2', s_custom_fields='' WHERE report_id=1;
UPDATE report_config SET header='Kaneshie Polytechnics??center', footer='Biomedical Laboratory Scientist In-Charge s                           Signature                 #                                                         ', title='Kaneshies<br><br>', margins='2,0,0,0', landscape=0, p_fields='1,0,0,1,1,0,1,0', s_fields='1,0,1,0,0,1,0', t_fields='1,1,0,1,0,1,1,1,0', p_custom_fields='2', s_custom_fields='' WHERE report_id=1;
UPDATE report_config SET header='Kaneshie Polytechnics??center', footer='Biomedical Laboratory Scientist In-Charge s                           Signature                 #                                                         ', title='Kaneshie Polytechnic<br><br>', margins='2,0,0,0', landscape=0, p_fields='1,0,0,1,1,0,1,0', s_fields='1,0,1,0,0,1,0', t_fields='1,1,0,1,0,1,1,1,0', p_custom_fields='2', s_custom_fields='' WHERE report_id=1;
INSERT INTO user_rating (user_id, rating) VALUES (338, 6);
UPDATE report_config SET header='Kaneshie Polytechnics??left', footer='Biomedical Laboratory Scientist In-Charge s                           Signature                 #                                                         ', title='Kaneshie Polytechnics<br><br>', margins='2,0,0,0', landscape=0, p_fields='1,0,0,1,1,0,1,0', s_fields='1,0,1,0,0,1,0', t_fields='1,1,0,1,0,1,1,1,0', p_custom_fields='2', s_custom_fields='' WHERE report_id=1;
UPDATE report_config SET header='Kaneshie Polytechnics??center', footer='Biomedical Laboratory Scientist In-Charge s                           Signature                 #                                                         ', title='Kaneshie Polytechnics<br><br>', margins='2,0,0,0', landscape=0, p_fields='1,0,0,1,1,0,1,0', s_fields='1,0,1,0,0,1,0', t_fields='1,1,0,1,0,1,1,1,0', p_custom_fields='2', s_custom_fields='' WHERE report_id=1;
UPDATE report_config SET header='Kaneshie Polytechnic Clinic??right', footer='Biomedical Laboratory Scientist In-Charge s                           Signature                 #                                                         ', title='Kaneshie Polytechnics<br><br>', margins='2,0,0,0', landscape=0, p_fields='1,0,0,1,1,0,1,0', s_fields='1,0,1,0,0,1,0', t_fields='1,1,0,1,1,1,1,1,0', p_custom_fields='2', s_custom_fields='' WHERE report_id=1;
INSERT INTO user_rating (user_id, rating) VALUES (338, 6);
INSERT INTO patient_daily (datestring, count) VALUES ('20120215', 1);
INSERT INTO specimen_session(session_num, count) VALUES ('20120215', 1);
INSERT INTO `patient`(`patient_id`, `addl_id`, `name`, `age`, `sex`, `partial_dob`, `surr_id`, `created_by`, `hash_value`,`ts`) VALUES (1964, '', 'Feb15 Test1', 0, 'M', '1997-02-15', '', 338, '86e23426297bc9ccbe453ac89786959ced156956', '2012-02-15 00:00:00');
INSERT INTO patient_custom_data (field_id, patient_id, field_value) VALUES (1, 1964, 'CASH');
INSERT INTO patient_custom_data (field_id, patient_id, field_value) VALUES (2, 1964, '');
BEGIN;
INSERT INTO specimen (
			specimen_id, 
			patient_id, 
			specimen_type_id, 
			date_collected, 
			date_recvd, 
			user_id, 
			status_code_id, 
			referred_to, 
			comments, 
			aux_id,
			session_num, 
			time_collected, 
			report_to, 
			doctor, 
			referred_to_name, 
			daily_num
		) 
		VALUES (
			6475, 
			1964, 
			7, 
			'2012-02-15', 
			'2012-02-15', 
			338, 
			0, 
			0, 
			'', 
			'', 
			'20120215-1', 
			'14:04', 
			1, 
			'', 
			'', 
			'20120215-1'
		);
INSERT INTO test (
			test_type_id, 
			specimen_id, 
			result, 
			comments,
			verified_by,
			user_id ) 
		VALUES (
			143,  
			6475, 
			'', 
			'', 
			0, 
			338 );
COMMIT;
INSERT INTO user_rating (user_id, rating) VALUES (338, 6);
INSERT INTO user_rating (user_id, rating) VALUES (338, 6);
